global_step,step,avg_loss_group:0,exp_avg_loss_group:0,avg_acc_group:0,avg_grad_norm_group:0,avg_hessian_norm_group:0,processed_data_count_group:0,update_data_count_group:0,update_batch_count_group:0,avg_loss_group:1,exp_avg_loss_group:1,avg_acc_group:1,avg_grad_norm_group:1,avg_hessian_norm_group:1,processed_data_count_group:1,update_data_count_group:1,update_batch_count_group:1,avg_loss_group:2,exp_avg_loss_group:2,avg_acc_group:2,avg_grad_norm_group:2,avg_hessian_norm_group:2,processed_data_count_group:2,update_data_count_group:2,update_batch_count_group:2,avg_loss_group:3,exp_avg_loss_group:3,avg_acc_group:3,avg_grad_norm_group:3,avg_hessian_norm_group:3,processed_data_count_group:3,update_data_count_group:3,update_batch_count_group:3,avg_actual_loss,avg_per_sample_loss,avg_acc,model_norm_sq,reg_loss,hessian_aligned_loss
1,15,1.757117509841919,1.7909083366394043,0.20375335216522217,1.408299207687378,13.788776397705078,373.0,373.0,16.0,1.5984243154525757,1.38429594039917,0.31578949093818665,3.275911331176758,41.33199691772461,19.0,19.0,11.0,0.7122421264648438,0.7629857659339905,0.4545454680919647,0.4545454680919647,0.4545454680919647,11.0,11.0,8.0,1.2946571111679077,1.2645516395568848,0.29357796907424927,2.0476205348968506,21.708932876586914,109.0,109.0,16.0,1.6303266286849976,1.630326509475708,0.232421875,186715.90625,0.0,2.0667402744293213
2,31,1.675722360610962,1.7300541400909424,0.19160105288028717,1.5335735082626343,15.439927101135254,381.0,381.0,16.0,1.2238380908966064,1.149405837059021,0.375,2.0601813793182373,53.106170654296875,16.0,16.0,11.0,0.7825509309768677,0.8124457597732544,0.5,0.5,0.5,8.0,8.0,8.0,1.0663890838623047,1.13426673412323,0.37383174896240234,1.8164318799972534,14.036402702331543,107.0,107.0,16.0,1.5203042030334473,1.5203040838241577,0.240234375,186715.890625,0.0,1.9290688037872314
3,47,1.6673535108566284,1.6761564016342163,0.24074073135852814,1.4115313291549683,16.79997444152832,378.0,378.0,16.0,1.1325976848602295,1.232909917831421,0.29411765933036804,2.736459493637085,29.9835147857666,17.0,17.0,10.0,0.7528407573699951,0.8012646436691284,0.6666666865348816,10.724493980407715,217.01805114746094,3.0,3.0,3.0,1.0531600713729858,1.100236177444458,0.37719297409057617,1.4114967584609985,19.241634368896484,114.0,114.0,16.0,1.5074856281280518,1.5074855089187622,0.275390625,186715.890625,0.0,1.8590409755706787
4,63,1.5641224384307861,1.5627059936523438,0.2845952808856964,1.3906006813049316,13.040985107421875,383.0,383.0,16.0,1.502764344215393,1.4197665452957153,0.20000001788139343,4.2533721923828125,38.60838317871094,20.0,20.0,12.0,0.7044664025306702,0.754608154296875,0.4000000059604645,2.0853512287139893,82.1465072631836,5.0,5.0,4.0,1.2486337423324585,1.215134620666504,0.32692310214042664,1.3161126375198364,16.516483306884766,104.0,104.0,16.0,1.4892467260360718,1.4892469644546509,0.291015625,186715.90625,0.0,1.8326749801635742
5,79,1.4621835947036743,1.504860758781433,0.2916666269302368,1.4301717281341553,12.035055160522461,360.0,360.0,16.0,1.2937785387039185,1.2335424423217773,0.3999999761581421,0.6614120006561279,12.729341506958008,25.0,25.0,13.0,0.785196840763092,0.7999894618988037,0.625,2.958245038986206,106.91853332519531,8.0,8.0,7.0,1.211370825767517,1.194538950920105,0.3781512677669525,1.7002674341201782,25.839393615722656,119.0,119.0,16.0,1.3850884437561035,1.3850884437561035,0.3222655951976776,186715.921875,0.0,1.7494239807128906
6,95,1.2736098766326904,1.3372560739517212,0.33597880601882935,1.576900601387024,16.454870223999023,378.0,378.0,16.0,1.1402775049209595,1.0978024005889893,0.3181818723678589,4.392297267913818,69.30982971191406,22.0,22.0,11.0,0.8510145545005798,0.8126739263534546,0.6000000238418579,0.6000000238418579,0.6000000238418579,5.0,5.0,4.0,1.3660104274749756,1.3592610359191895,0.29906538128852844,1.444483995437622,12.934003829956055,107.0,107.0,16.0,1.2830642461776733,1.2830641269683838,0.330078125,186715.890625,0.0,1.6230980157852173
7,111,1.032277226448059,1.0546650886535645,0.416666716337204,1.0979373455047607,12.737595558166504,384.0,384.0,16.0,1.0542411804199219,1.0440834760665894,0.4210526645183563,2.99177885055542,29.285511016845703,19.0,19.0,12.0,1.873081088066101,1.1987385749816895,0.0,0.0,0.0,4.0,4.0,4.0,1.679189920425415,1.5162937641143799,0.18095239996910095,2.016993522644043,16.990196228027344,105.0,105.0,16.0,1.1723285913467407,1.1723287105560303,0.3652344048023224,186715.875,0.0,1.4870693683624268
8,127,0.6978200078010559,0.7563543915748596,0.6453334093093872,1.3101894855499268,11.943984985351562,375.0,375.0,16.0,0.5932281613349915,0.73430335521698,0.7000000476837158,0.7000000476837158,0.7000000476837158,20.0,20.0,11.0,1.1515649557113647,1.1922329664230347,0.0,18.21489715576172,308.2574157714844,2.0,2.0,2.0,1.5913937091827393,1.5721428394317627,0.2086956650018692,1.2583869695663452,12.853569984436035,115.0,115.0,16.0,0.8962118625640869,0.8962118625640869,0.5468750596046448,186715.90625,0.0,1.1078262329101562
9,143,0.5332100987434387,0.5885213613510132,0.7401130795478821,1.4368797540664673,15.342753410339355,354.0,354.0,16.0,0.6808869242668152,0.7347484827041626,0.6111111640930176,0.6111111640930176,0.6111111640930176,18.0,18.0,11.0,2.6795542240142822,1.9255473613739014,0.0,0.0,0.0,8.0,8.0,7.0,1.764391303062439,1.7695232629776,0.1666666567325592,1.5103559494018555,9.79797077178955,132.0,132.0,16.0,0.8893524408340454,0.8893524408340454,0.5761719346046448,186715.9375,0.0,1.1326830387115479
10,15,0.323908269405365,0.3600222170352936,0.8538013696670532,1.0789157152175903,7.938187122344971,513.0,513.0,22.0,0.40454477071762085,0.47782742977142334,0.8181818127632141,0.9707620143890381,12.303333282470703,22.0,22.0,14.0,3.123154640197754,2.5210018157958984,0.0,9.505309104919434,70.53999328613281,7.0,7.0,6.0,1.821621060371399,1.8801758289337158,0.13375796377658844,0.7266178131103516,6.608764171600342,157.0,157.0,22.0,0.6911279559135437,0.6908748149871826,0.682403564453125,186715.921875,0.0,0.8863593935966492
11,31,0.197931170463562,0.22947339713573456,0.9291338920593262,1.072333812713623,5.747275352478027,381.0,381.0,16.0,0.35718226432800293,0.39284181594848633,0.7999999523162842,2.1103591918945312,31.608549118041992,20.0,20.0,14.0,1.9560869932174683,2.206540822982788,0.125,0.125,0.125,8.0,8.0,8.0,1.954000473022461,1.9741863012313843,0.12621361017227173,1.7836591005325317,12.018919944763184,103.0,103.0,16.0,0.5848948359489441,0.5848948955535889,0.75,186715.96875,0.0,0.743884265422821
12,47,0.17123039066791534,0.18414810299873352,0.9438502788543701,1.0284388065338135,4.780970096588135,374.0,374.0,16.0,0.3299635648727417,0.35779255628585815,0.8888888955116272,0.8888888955116272,0.8888888955116272,18.0,18.0,11.0,2.903421401977539,2.4687094688415527,0.0,0.0,0.0,5.0,5.0,5.0,1.8567345142364502,1.8153117895126343,0.13913042843341827,1.4364185333251953,10.662381172180176,115.0,115.0,16.0,0.5820724368095398,0.5820724368095398,0.751953125,186715.984375,0.0,0.7084337472915649
13,63,0.1395477056503296,0.14283911883831024,0.9598931074142456,0.9879505634307861,3.4397575855255127,374.0,374.0,16.0,0.3740120232105255,0.3334217071533203,0.8800000548362732,0.952849805355072,7.209467887878418,25.0,25.0,15.0,2.8886075019836426,2.571399688720703,0.0,0.0,0.0,3.0,3.0,3.0,1.7620292901992798,1.7773668766021729,0.17272727191448212,1.1831166744232178,16.193317413330078,110.0,110.0,16.0,0.5156839489936829,0.5156839489936829,0.7812500596046448,186716.0,0.0,0.6167783141136169
14,79,0.10621368885040283,0.11141680181026459,0.9748603701591492,1.0132851600646973,3.90555739402771,358.0,358.0,16.0,0.37552013993263245,0.39572855830192566,0.9473683834075928,2.040722370147705,24.012174606323242,19.0,19.0,12.0,3.91536021232605,3.437530040740967,0.0,0.0,0.0,11.0,11.0,9.0,1.574130892753601,1.6561486721038818,0.18548385798931122,1.2017569541931152,7.312027931213379,124.0,124.0,16.0,0.5535558462142944,0.5535558462142944,0.76171875,186716.0,0.0,0.6861653327941895
15,95,0.10116004198789597,0.09937717020511627,0.9848484396934509,1.0021296739578247,3.208430290222168,396.0,396.0,16.0,0.40149182081222534,0.4555353820323944,0.9047619700431824,0.9047619700431824,0.9047619700431824,21.0,21.0,13.0,3.933669090270996,3.629244565963745,0.0,7.9129252433776855,16.700075149536133,5.0,5.0,5.0,1.2838528156280518,1.3398317098617554,0.3555555045604706,1.2993382215499878,10.725664138793945,90.0,90.0,16.0,0.35880041122436523,0.35880041122436523,0.8613280653953552,186716.046875,0.0,0.45597201585769653
16,111,0.10542585700750351,0.10215884447097778,0.9777777194976807,0.9866201877593994,3.1006433963775635,360.0,360.0,16.0,0.5137020349502563,0.5146036744117737,0.6000000238418579,0.6515198945999146,5.021068572998047,20.0,20.0,12.0,4.144299030303955,3.7662785053253174,0.0,8.542409896850586,18.798805236816406,4.0,4.0,4.0,0.9050841927528381,0.9251626133918762,0.4375,0.8162586092948914,7.377532958984375,128.0,128.0,16.0,0.35284239053726196,0.35284242033958435,0.8203124403953552,186716.09375,0.0,0.4275321960449219
17,127,0.13238152861595154,0.130474254488945,0.9608354568481445,1.0426020622253418,3.5676839351654053,383.0,383.0,16.0,0.9534415602684021,0.7709417939186096,0.5454546213150024,0.5454546213150024,0.5454546213150024,22.0,22.0,11.0,1.6789275407791138,2.890188694000244,0.375,0.375,0.375,8.0,8.0,5.0,0.6547843813896179,0.6700704097747803,0.7272728681564331,1.0587619543075562,7.854146957397461,99.0,99.0,16.0,0.2928376793861389,0.2928377389907837,0.888671875,186716.09375,0.0,0.3368262052536011
18,143,0.2096266746520996,0.1830941140651703,0.9166666865348816,1.0552464723587036,3.87738037109375,360.0,360.0,16.0,1.2598193883895874,1.3134870529174805,0.40909093618392944,1.8685083389282227,15.752115249633789,22.0,22.0,13.0,1.2857012748718262,2.3730790615081787,0.5,0.5,0.5,4.0,4.0,4.0,0.4734305739402771,0.485630065202713,0.8253967761993408,0.9289535284042358,5.201045513153076,126.0,126.0,16.0,0.3280794322490692,0.3280794620513916,0.869140625,186716.09375,0.0,0.39139267802238464
19,15,0.173859640955925,0.1733650416135788,0.9352942109107971,0.9978732466697693,2.9158413410186768,510.0,510.0,22.0,1.6202048063278198,1.5874755382537842,0.21052631735801697,0.21052631735801697,0.21052631735801697,19.0,19.0,13.0,1.600562334060669,1.907474398612976,0.25,4.095963478088379,23.273963928222656,8.0,8.0,8.0,0.37929242849349976,0.41741496324539185,0.8641977310180664,0.9309179782867432,3.648374319076538,162.0,162.0,22.0,0.2778139114379883,0.27711325883865356,0.8912733197212219,186716.078125,0.0,0.34977731108665466
20,31,0.19077947735786438,0.19329318404197693,0.9325842261314392,0.9831427931785583,3.231318473815918,356.0,356.0,16.0,1.6633354425430298,1.8780393600463867,0.2666666507720947,1.4793472290039062,10.947296142578125,30.0,30.0,15.0,1.7002404928207397,1.8372087478637695,0.1666666716337204,0.6971001029014587,24.120744705200195,6.0,6.0,5.0,0.34543439745903015,0.3553059697151184,0.8833333253860474,1.1147516965866089,6.560579299926758,120.0,120.0,16.0,0.3309983015060425,0.3309983015060425,0.8730468153953552,186716.171875,0.0,0.40662625432014465
21,47,0.13382643461227417,0.13646018505096436,0.9544234871864319,1.0648858547210693,4.224851608276367,373.0,373.0,16.0,1.3201872110366821,1.4856196641921997,0.2777777910232544,0.2777777910232544,0.2777777910232544,18.0,18.0,10.0,1.4825764894485474,1.773209571838379,0.0,0.0,0.0,2.0,2.0,2.0,0.1517055779695511,0.18464472889900208,0.9579832553863525,0.9768454432487488,2.850611448287964,119.0,119.0,16.0,0.18495850265026093,0.18495848774909973,0.9277343153953552,186716.203125,0.0,0.21965532004833221
22,63,0.07709106057882309,0.08315764367580414,0.9759999513626099,0.9735927581787109,2.320880651473999,375.0,375.0,16.0,1.081987977027893,1.1280263662338257,0.3636363744735718,0.3636363744735718,0.3636363744735718,22.0,22.0,13.0,1.3217023611068726,1.728058934211731,0.0,0.0,0.0,1.0,1.0,1.0,0.23758696019649506,0.22616639733314514,0.9385964870452881,1.1864489316940308,3.6438682079315186,114.0,114.0,16.0,0.15843652188777924,0.15843652188777924,0.9394530653953552,186716.21875,0.0,0.19127598404884338
23,79,0.05493686720728874,0.05855218321084976,0.9896907806396484,0.9548864364624023,1.5804485082626343,388.0,388.0,16.0,0.8616438508033752,0.8648757338523865,0.615384578704834,0.615384578704834,0.615384578704834,13.0,13.0,10.0,2.247387170791626,1.8865605592727661,0.0,0.0,0.0,4.0,4.0,3.0,0.44897976517677307,0.3986552953720093,0.8130841255187988,1.2280224561691284,7.6553778648376465,107.0,107.0,16.0,0.17489701509475708,0.1748969852924347,0.9355469346046448,186716.203125,0.0,0.20982427895069122
24,95,0.04871241748332977,0.05326464772224426,0.9893333911895752,0.9351023435592651,1.3335469961166382,375.0,375.0,16.0,0.20641453564167023,0.4071991443634033,0.9411764740943909,1.2161309719085693,12.198627471923828,17.0,17.0,11.0,3.213374614715576,2.6575613021850586,0.0,0.0,0.0,9.0,9.0,6.0,0.5285992622375488,0.6359919905662537,0.7837836742401123,1.2532634735107422,4.678025245666504,111.0,111.0,16.0,0.21361544728279114,0.21361541748046875,0.92578125,186716.234375,0.0,0.2539256513118744
25,111,0.03809821233153343,0.039202190935611725,0.9858757257461548,0.9620034098625183,2.1190404891967773,354.0,354.0,16.0,0.6221206784248352,0.44631069898605347,0.8333333730697632,0.8333333730697632,0.8333333730697632,18.0,18.0,10.0,3.9334099292755127,3.0789291858673096,0.0,0.0,0.0,6.0,6.0,3.0,0.5205762386322021,0.5111026763916016,0.7835820317268372,1.0124156475067139,4.173043727874756,134.0,134.0,16.0,0.23055197298526764,0.23055198788642883,0.916015625,186716.265625,0.0,0.2569289803504944
26,127,0.036937277764081955,0.03772317245602608,0.9945206046104431,0.990565836429596,2.2554268836975098,365.0,365.0,16.0,0.387189120054245,0.3464737832546234,0.8000000715255737,2.020679473876953,21.563404083251953,20.0,20.0,12.0,2.7934792041778564,3.008582592010498,0.0714285746216774,0.0714285746216774,0.0714285746216774,14.0,14.0,8.0,0.3595108687877655,0.39161789417266846,0.8230088949203491,0.9901722073554993,3.1286330223083496,113.0,113.0,16.0,0.19718614220619202,0.1971861720085144,0.9238281846046448,186716.296875,0.0,0.2317206859588623
27,143,0.05886541306972504,0.052444200962781906,0.9845360517501831,1.0071990489959717,1.9399394989013672,388.0,388.0,16.0,0.9237179756164551,0.7761846780776978,0.550000011920929,1.4130940437316895,19.55227279663086,20.0,20.0,13.0,1.901627779006958,2.3736860752105713,0.2857142984867096,0.680718183517456,16.10651206970215,7.0,7.0,6.0,0.2992734909057617,0.2702607810497284,0.8865979313850403,0.8835268020629883,1.7197704315185547,97.0,97.0,16.0,0.16338878870010376,0.16338880360126495,0.939453125,186716.265625,0.0,0.19671811163425446
28,15,0.06434480100870132,0.06128330156207085,0.9864603877067566,0.9716756343841553,1.7445110082626343,517.0,517.0,22.0,0.750898540019989,0.9949514865875244,0.6818181276321411,1.2964527606964111,2.0708582401275635,44.0,44.0,22.0,0.9261178374290466,1.9058983325958252,0.5,0.5,0.5,4.0,4.0,4.0,0.19729548692703247,0.19602471590042114,0.9253731966018677,0.9395711421966553,2.272761821746826,134.0,134.0,22.0,0.1380944848060608,0.13797977566719055,0.9527896642684937,186716.28125,0.0,0.15958116948604584
29,31,0.03901699185371399,0.044708237051963806,0.997183084487915,0.9830548763275146,1.9355554580688477,355.0,355.0,16.0,0.9710122346878052,1.1854256391525269,0.5789473056793213,0.8813203573226929,13.27450942993164,19.0,19.0,11.0,1.6127424240112305,1.879217267036438,0.2222222238779068,2.6048874855041504,15.890105247497559,9.0,9.0,8.0,0.14393197000026703,0.14465424418449402,0.9612404108047485,1.145290732383728,6.548074722290039,129.0,129.0,16.0,0.12769953906536102,0.12769955396652222,0.958984375,186716.390625,0.0,0.165296271443367
30,47,0.05978335812687874,0.05453003570437431,0.9868420362472534,0.9571319222450256,1.944146990776062,380.0,380.0,16.0,0.42263081669807434,0.5623671412467957,0.8125,1.1147726774215698,12.626107215881348,16.0,16.0,13.0,1.5308555364608765,1.8442199230194092,0.40000006556510925,0.40000006556510925,0.40000006556510925,10.0,10.0,7.0,0.1585434377193451,0.1906009018421173,0.943396270275116,1.0972981452941895,3.8527729511260986,106.0,106.0,16.0,0.12030063569545746,0.12030063569545746,0.9609374403953552,186716.390625,0.0,0.14227300882339478
31,63,0.04488528519868851,0.049353692680597305,0.989159882068634,1.01045560836792,2.1235814094543457,369.0,369.0,16.0,0.6358098983764648,0.5736843347549438,0.7619048357009888,2.04722261428833,20.373687744140625,21.0,21.0,12.0,1.5947201251983643,1.660091757774353,0.2857142984867096,0.2857142984867096,0.2857142984867096,7.0,7.0,5.0,0.1644497960805893,0.14201566576957703,0.9391304850578308,1.1586202383041382,6.094943046569824,115.0,115.0,16.0,0.11716689169406891,0.11716688424348831,0.958984375,186716.40625,0.0,0.1329621821641922
32,79,0.040370866656303406,0.04024956747889519,0.9915013313293457,0.9981943964958191,1.6511471271514893,353.0,353.0,16.0,0.31476137042045593,0.3436459004878998,0.8181818723678589,0.8848984241485596,5.749092102050781,11.0,11.0,8.0,1.9921468496322632,1.6897135972976685,0.5,0.5,0.5,6.0,6.0,5.0,0.4407844543457031,0.3579716980457306,0.8169015049934387,1.0569735765457153,2.119500160217285,142.0,142.0,16.0,0.1801905483007431,0.1801905483007431,0.93359375,186716.46875,0.0,0.1957579255104065
33,95,0.028379498049616814,0.030635293573141098,0.9973475933074951,0.9748069047927856,1.850832223892212,377.0,377.0,16.0,0.846565842628479,0.6261640191078186,0.684210479259491,0.6462050676345825,1.8947631120681763,19.0,19.0,9.0,1.3683652877807617,1.5857548713684082,0.25,3.1907846927642822,8.302929878234863,8.0,8.0,8.0,0.27575474977493286,0.31299564242362976,0.861111044883728,0.9121502637863159,2.7679340839385986,108.0,108.0,16.0,0.13185986876487732,0.13185986876487732,0.9453125596046448,186716.515625,0.0,0.1569552719593048
34,111,0.04388129711151123,0.040604185312986374,0.9925925731658936,0.938591718673706,1.3741925954818726,405.0,405.0,16.0,0.6531365513801575,0.7039226293563843,0.7777777910232544,0.7784764766693115,2.2110226154327393,18.0,18.0,13.0,0.11039280891418457,1.1862366199493408,1.0,1.0,1.0,3.0,3.0,3.0,0.23709118366241455,0.41963642835617065,0.895348846912384,1.2112202644348145,1.535629391670227,86.0,86.0,16.0,0.09814336895942688,0.09814336895942688,0.96875,186716.5,0.0,0.1082426980137825
35,127,0.04502139613032341,0.042777612805366516,0.9921258687973022,1.0036174058914185,2.4055962562561035,381.0,381.0,16.0,0.35876181721687317,0.45673084259033203,0.8181818127632141,0.8181818127632141,0.8181818127632141,22.0,22.0,13.0,1.3339780569076538,1.2566730976104736,0.6000000238418579,1.108597755432129,21.40689468383789,5.0,5.0,4.0,0.18374103307724,0.26405543088912964,0.9134616851806641,0.8925950527191162,1.3214279413223267,104.0,104.0,16.0,0.09926734119653702,0.09926732629537582,0.96484375,186716.53125,0.0,0.11463792622089386
36,143,0.05806996300816536,0.051685646176338196,0.9786095023155212,0.9785071611404419,2.06901216506958,374.0,374.0,16.0,0.5833827257156372,0.3731738030910492,0.7500000596046448,0.7532691359519958,2.1917507648468018,20.0,20.0,13.0,2.096907138824463,1.3956767320632935,0.5,0.5,0.5,2.0,2.0,2.0,0.17613396048545837,0.2468751072883606,0.9224136471748352,1.1356135606765747,2.640411853790283,116.0,116.0,16.0,0.11330310255289078,0.11330307275056839,0.9550780057907104,186716.578125,0.0,0.12443487346172333
37,15,0.03067469596862793,0.036951981484889984,0.9900398254394531,0.9937193989753723,1.6296919584274292,502.0,502.0,22.0,0.3336260914802551,0.4141344428062439,0.8571428656578064,0.7777851223945618,3.3482933044433594,21.0,21.0,13.0,0.08178592473268509,0.7197871208190918,1.0,1.0,1.0,9.0,9.0,7.0,0.2618443965911865,0.2373265027999878,0.8982034921646118,0.946374773979187,2.362074375152588,167.0,167.0,22.0,0.09505465626716614,0.09566371142864227,0.9642345905303955,186716.640625,0.0,0.10118290781974792
38,31,0.016645556315779686,0.019473951309919357,1.0,0.942977786064148,1.1026884317398071,383.0,383.0,16.0,0.13273020088672638,0.18643499910831451,0.9473684430122375,1.180917501449585,10.022541999816895,19.0,19.0,14.0,0.7409489750862122,0.617152750492096,0.800000011920929,0.9118220806121826,10.012412071228027,5.0,5.0,4.0,0.3561221957206726,0.3751998841762543,0.8857142925262451,1.1209012269973755,3.693480968475342,105.0,105.0,16.0,0.09764588624238968,0.09764589369297028,0.97265625,186716.65625,0.0,0.10402794182300568
39,47,0.0154913030564785,0.016851702705025673,1.0,0.9538974165916443,1.4158968925476074,364.0,364.0,16.0,0.8052979111671448,0.500072717666626,0.7222222089767456,0.7222222089767456,0.7222222089767456,18.0,18.0,12.0,0.7367781400680542,0.572396993637085,0.625,0.625,0.625,8.0,8.0,6.0,0.2619558870792389,0.2606755197048187,0.8934426307678223,0.9364116787910461,3.004035472869873,122.0,122.0,16.0,0.11325594037771225,0.11325593292713165,0.958984375,186716.703125,0.0,0.1288605034351349
40,63,0.032737378031015396,0.02853507176041603,0.9921465516090393,0.9652022123336792,1.7895252704620361,382.0,382.0,16.0,0.28751325607299805,0.30206623673439026,0.8947368264198303,0.8947368264198303,0.8947368264198303,19.0,19.0,10.0,0.1306927353143692,0.37113142013549805,1.0,1.0,1.0,6.0,6.0,6.0,0.18641866743564606,0.17957212030887604,0.9333333373069763,0.8744791746139526,0.9725639820098877,105.0,105.0,16.0,0.07485653460025787,0.07485653460025787,0.9765624403953552,186716.71875,0.0,0.07886006683111191
41,79,0.041946928948163986,0.039161063730716705,0.989556074142456,0.9410746097564697,1.3213192224502563,383.0,383.0,16.0,0.6033157706260681,0.49901559948921204,0.8571428656578064,0.8228495121002197,1.7092549800872803,14.0,14.0,9.0,1.9472469091415405,0.954116940498352,0.5,0.5,0.5,4.0,4.0,4.0,0.1684299111366272,0.1670214980840683,0.9639639854431152,0.9195626974105835,1.1174691915512085,111.0,111.0,16.0,0.09960314631462097,0.09960313141345978,0.9765624403953552,186716.703125,0.0,0.11392968893051147
42,95,0.027579957619309425,0.02797713316977024,0.9893898367881775,0.9521487355232239,1.635573148727417,377.0,377.0,16.0,0.3204069435596466,0.4832911491394043,0.9000000357627869,1.8077538013458252,3.2585155963897705,20.0,20.0,12.0,2.1700971126556396,1.255388617515564,0.3333333432674408,0.3333333432674408,0.3333333432674408,3.0,3.0,3.0,0.1676354706287384,0.1246650218963623,0.9375001788139343,0.9058793783187866,0.9567278623580933,112.0,112.0,16.0,0.08220945298671722,0.08220946788787842,0.970703125,186716.734375,0.0,0.0930812880396843
43,111,0.021309509873390198,0.020064035430550575,0.9972298741340637,0.9640796184539795,1.4594244956970215,361.0,361.0,16.0,0.17553727328777313,0.27289488911628723,0.9130434989929199,0.9130434989929199,0.9130434989929199,23.0,23.0,10.0,1.6180570125579834,1.4380099773406982,0.6666666865348816,0.6666666865348816,0.6666666865348816,6.0,6.0,6.0,0.18458609282970428,0.1744624376296997,0.9262294769287109,1.102891206741333,2.815629005432129,122.0,122.0,16.0,0.08585535734891891,0.08585534244775772,0.9726561903953552,186716.8125,0.0,0.09366413950920105
44,127,0.035788632929325104,0.03673062473535538,0.9866666793823242,0.933098316192627,1.0284602642059326,375.0,375.0,16.0,0.5132288932800293,0.3902207612991333,0.8421052694320679,1.0060598850250244,7.796204566955566,19.0,19.0,12.0,1.2903436422348022,1.5782209634780884,0.5,0.5,0.5,10.0,10.0,9.0,0.14907968044281006,0.1339351087808609,0.944444477558136,0.924582839012146,1.8992846012115479,108.0,108.0,16.0,0.10190650820732117,0.10190649330615997,0.962890625,186716.859375,0.0,0.11678364127874374
45,143,0.02737310715019703,0.024469878524541855,0.9946523904800415,0.9359556436538696,1.3407986164093018,374.0,374.0,16.0,0.4863329827785492,0.3665189743041992,0.8571428060531616,0.8571428060531616,0.8571428060531616,28.0,28.0,14.0,0.44225502014160156,1.1705876588821411,0.875,0.875,0.875,8.0,8.0,6.0,0.2932107746601105,0.23157565295696259,0.8823530077934265,1.0498051643371582,2.0039021968841553,102.0,102.0,16.0,0.11191483587026596,0.11191485077142715,0.962890625,186716.859375,0.0,0.11962562054395676
46,15,0.030904272571206093,0.025526531040668488,0.9940475225448608,0.9601180553436279,1.206140160560608,504.0,504.0,22.0,0.5236128568649292,0.5241931080818176,0.7741935849189758,0.7724851965904236,2.1197621822357178,31.0,31.0,17.0,0.7985560297966003,1.174957513809204,0.8571428656578064,0.8571428656578064,0.8571428656578064,7.0,7.0,5.0,0.1384708136320114,0.13106109201908112,0.9426751732826233,0.9526724219322205,1.9376285076141357,157.0,157.0,22.0,0.08443357050418854,0.08460309356451035,0.9713876247406006,186716.90625,0.0,0.09539347887039185
47,31,0.024213403463363647,0.02272561937570572,0.9973045587539673,0.9602643847465515,1.5145224332809448,371.0,371.0,16.0,0.1453736275434494,0.2509245276451111,0.9411765336990356,0.9411765336990356,0.9411765336990356,17.0,17.0,10.0,0.8846016526222229,1.0720391273498535,0.6666666865348816,0.6666666865348816,0.6666666865348816,3.0,3.0,3.0,0.1603880375623703,0.146983340382576,0.942148745059967,0.9964649081230164,3.0162744522094727,121.0,121.0,16.0,0.06545953452587128,0.06545953452587128,0.98046875,186716.90625,0.0,0.06914383918046951
48,47,0.02432963065803051,0.02386094629764557,0.9942027926445007,0.9432758688926697,1.1414783000946045,345.0,345.0,16.0,0.4121401309967041,0.3536277711391449,0.7777778506278992,0.8437075018882751,3.4815001487731934,27.0,27.0,12.0,0.184528648853302,0.5894681811332703,1.0,1.0,1.0,9.0,9.0,8.0,0.10938843339681625,0.11159849166870117,0.9618319272994995,0.9222373962402344,1.631723403930664,131.0,131.0,16.0,0.06935965269804001,0.0693596675992012,0.9746092557907104,186716.96875,0.0,0.07338262349367142
49,63,0.03005221113562584,0.024819450452923775,0.9895287156105042,0.9433692693710327,1.1731655597686768,382.0,382.0,16.0,0.2969481647014618,0.2843395471572876,0.7777777910232544,0.9149142503738403,5.874703407287598,18.0,18.0,10.0,0.2141297459602356,0.5152977108955383,1.0,2.889169216156006,58.903472900390625,3.0,3.0,2.0,0.17722350358963013,0.16085579991340637,0.9541284441947937,0.927048921585083,1.803600788116455,109.0,109.0,16.0,0.07184525579214096,0.07184524089097977,0.9746093153953552,186717.0,0.0,0.07535221427679062
50,79,0.018648210912942886,0.016993898898363113,0.9971909523010254,0.9428967237472534,1.2227637767791748,356.0,356.0,16.0,0.27065160870552063,0.2579532861709595,0.8823530077934265,0.8823530077934265,0.8823530077934265,17.0,17.0,10.0,0.33212408423423767,0.4354957044124603,0.8333333730697632,1.8064910173416138,29.473352432250977,6.0,6.0,5.0,0.16237905621528625,0.1325860321521759,0.9398496747016907,0.9092937111854553,1.1675077676773071,133.0,133.0,16.0,0.06802539527416229,0.06802539527416229,0.9765625,186717.015625,0.0,0.07192010432481766
51,95,0.017273887991905212,0.021492639556527138,0.9949238300323486,0.94950270652771,1.3549323081970215,394.0,394.0,16.0,0.21943438053131104,0.17717890441417694,0.8888888955116272,0.8968545794487,2.722032070159912,18.0,18.0,12.0,2.5626187324523926,1.374729037284851,0.4285714328289032,0.4285714328289032,0.4285714328289032,7.0,7.0,5.0,0.06290142983198166,0.0790773257613182,0.9784945845603943,0.9387410879135132,1.2972455024719238,93.0,93.0,16.0,0.0674685388803482,0.0674685463309288,0.98046875,186717.0625,0.0,0.07606581598520279
52,111,0.013087157160043716,0.013919306918978691,0.9973474144935608,0.9412832260131836,0.9934746026992798,377.0,377.0,16.0,0.16883333027362823,0.17370538413524628,0.9199999570846558,0.9656457304954529,5.231504440307617,25.0,25.0,13.0,0.17428143322467804,0.967380702495575,1.0,2.0215072631835938,36.5399284362793,6.0,6.0,4.0,0.08059316128492355,0.06966115534305573,0.9711537957191467,0.9965862035751343,2.69931697845459,104.0,104.0,16.0,0.03629310056567192,0.03629310429096222,0.9882811903953552,186717.078125,0.0,0.03910045325756073
53,127,0.015723219141364098,0.015489486977458,0.9946808218955994,0.9670960307121277,1.4524009227752686,376.0,376.0,16.0,0.5360317826271057,0.5297133326530457,0.75,1.5326766967773438,3.8691844940185547,20.0,20.0,13.0,0.7359785437583923,0.8779094219207764,0.7142857313156128,3.776658535003662,8.312786102294922,7.0,7.0,7.0,0.07525643706321716,0.06966371834278107,0.9724770188331604,1.0987952947616577,2.955472469329834,109.0,109.0,16.0,0.05856907367706299,0.05856907740235329,0.9765625,186717.0625,0.0,0.07007750868797302
54,143,0.0084975715726614,0.01034859661012888,1.0,0.9506465196609497,1.2860698699951172,384.0,384.0,16.0,0.2782832682132721,0.36901018023490906,0.9000000357627869,0.9000000357627869,0.9000000357627869,10.0,10.0,9.0,0.09761987626552582,0.6592310070991516,1.0,1.0,1.0,6.0,6.0,3.0,0.15306392312049866,0.19012534618377686,0.9375000596046448,0.9771941304206848,2.610835075378418,112.0,112.0,16.0,0.04643511772155762,0.04643511772155762,0.984375,186717.09375,0.0,0.050627876073122025
55,15,0.013409538194537163,0.011980638839304447,1.0,0.9593027830123901,1.0413860082626343,499.0,499.0,22.0,0.49785470962524414,0.5728583335876465,0.785714328289032,1.5407949686050415,2.4558510780334473,28.0,28.0,17.0,1.5860850811004639,1.457402229309082,0.6363636255264282,0.6363636255264282,0.6363636255264282,11.0,11.0,8.0,0.1494564563035965,0.16602569818496704,0.9068322777748108,1.0438536405563354,2.4167799949645996,161.0,161.0,22.0,0.0884799063205719,0.08889944851398468,0.9642345905303955,186717.171875,0.0,0.10449603199958801
56,31,0.040290966629981995,0.028712986037135124,0.9863760471343994,0.9430110454559326,1.5446542501449585,367.0,367.0,16.0,0.14570733904838562,0.2991710603237152,0.9473684430122375,0.9473684430122375,0.9473684430122375,19.0,19.0,10.0,0.8972843885421753,1.280896782875061,0.6666666865348816,0.6666666865348816,0.6666666865348816,3.0,3.0,3.0,0.06994790583848953,0.10095010697841644,0.9756097793579102,0.9412530660629272,1.540621280670166,123.0,123.0,16.0,0.05634896457195282,0.05634896457195282,0.98046875,186717.203125,0.0,0.06170806661248207
57,47,0.05108743906021118,0.04299591854214668,0.9792208075523376,0.9344971776008606,1.344961166381836,385.0,385.0,16.0,0.17974357306957245,0.2847960889339447,0.949999988079071,0.949999988079071,0.949999988079071,20.0,20.0,13.0,0.24117714166641235,0.9988735914230347,0.6666666865348816,0.6666666865348816,0.6666666865348816,3.0,3.0,3.0,0.12118614464998245,0.3836956024169922,0.9519230127334595,0.9597310423851013,2.7875711917877197,104.0,104.0,16.0,0.07146567851305008,0.07146567851305008,0.970703125,186717.234375,0.0,0.08019492030143738
58,63,0.03540546074509621,0.03755723312497139,0.9837837815284729,0.9482653141021729,1.2333245277404785,370.0,370.0,16.0,0.3257034718990326,0.46454814076423645,0.8799999356269836,0.8820611238479614,4.293198585510254,25.0,25.0,14.0,0.903957188129425,0.8237996101379395,0.75,1.9218368530273438,28.334531784057617,8.0,8.0,6.0,0.0597330667078495,0.1346200406551361,0.9816513657569885,1.0469050407409668,3.1187374591827393,109.0,109.0,16.0,0.06833040714263916,0.06833040714263916,0.974609375,186717.3125,0.0,0.07562214881181717
59,79,0.012249904684722424,0.016173871234059334,0.9973261952400208,0.9447632431983948,1.0667388439178467,374.0,374.0,16.0,0.43264469504356384,0.4782316982746124,0.8571428656578064,0.8050639033317566,2.931711196899414,14.0,14.0,10.0,1.463161587715149,1.079992413520813,0.800000011920929,0.6698278784751892,1.6536715030670166,5.0,5.0,5.0,0.06819356977939606,0.11086595058441162,0.9747899174690247,0.9904547333717346,2.0332250595092773,119.0,119.0,16.0,0.05091666802763939,0.05091666430234909,0.986328125,186717.359375,0.0,0.05676351487636566
60,95,0.010299567133188248,0.010069495067000389,0.9974026083946228,0.9433655738830566,1.0210208892822266,385.0,385.0,16.0,0.02916841208934784,0.142927348613739,1.0,0.8932871222496033,2.0492312908172607,21.0,21.0,14.0,1.734570026397705,1.2832057476043701,0.625,0.625,0.625,8.0,8.0,7.0,0.07892702519893646,0.09423793107271194,0.9693877696990967,1.1035301685333252,2.407592296600342,98.0,98.0,16.0,0.051150936633348465,0.051150936633348465,0.986328125,186717.4375,0.0,0.05586826428771019
61,111,0.02614966593682766,0.019599217921495438,0.9867374300956726,0.9295315146446228,1.0071947574615479,377.0,377.0,16.0,0.07256624102592468,0.08643443882465363,1.0,1.0,1.0,11.0,11.0,7.0,0.9379594326019287,1.0241279602050781,0.800000011920929,3.908346652984619,1.942901372909546,10.0,10.0,8.0,0.12248926609754562,0.08222609013319016,0.9561403393745422,0.909898042678833,1.1955150365829468,114.0,114.0,16.0,0.06640629470348358,0.06640629470348358,0.9765625,186717.46875,0.0,0.06934554874897003
62,127,0.010681940242648125,0.011823683977127075,0.9972900152206421,0.9369926452636719,1.1487040519714355,369.0,369.0,16.0,0.4704745411872864,0.41166096925735474,0.7666666507720947,0.7296250462532043,1.2231459617614746,30.0,30.0,13.0,1.6323753595352173,1.2445435523986816,0.6000000238418579,0.6000000238418579,0.6000000238418579,5.0,5.0,5.0,0.20671963691711426,0.25345027446746826,0.944444477558136,1.0807586908340454,1.053786039352417,108.0,108.0,16.0,0.09481146186590195,0.09481146186590195,0.9687500596046448,186717.484375,0.0,0.10644765198230743
63,143,0.01437120046466589,0.014234662055969238,0.997333288192749,0.9377756714820862,1.2292234897613525,375.0,375.0,16.0,0.44094592332839966,0.2922822833061218,0.8235294222831726,0.8235294222831726,0.8235294222831726,17.0,17.0,11.0,0.5310271382331848,0.9894200563430786,0.75,0.75,0.75,4.0,4.0,4.0,0.12473754584789276,0.13885009288787842,0.9568966031074524,0.9450759887695312,1.7360002994537354,116.0,116.0,16.0,0.05757606774568558,0.05757606029510498,0.9804686903953552,186717.53125,0.0,0.06221780553460121
64,15,0.024599740281701088,0.021619532257318497,0.9940944910049438,0.9508590698242188,1.1082051992416382,508.0,508.0,22.0,0.498770147562027,0.4591827988624573,0.8260869979858398,0.8260869979858398,0.8260869979858398,23.0,23.0,14.0,0.016427550464868546,0.4347720742225647,1.0,1.0,1.0,9.0,9.0,8.0,0.07125550508499146,0.061216965317726135,0.9685534238815308,0.9354909658432007,1.0371642112731934,159.0,159.0,22.0,0.05066370964050293,0.050709374248981476,0.982832670211792,186717.578125,0.0,0.053932059556245804
65,31,0.03134642913937569,0.031913045793771744,0.9897698163986206,0.9419165253639221,1.2453925609588623,391.0,391.0,16.0,0.1792297661304474,0.24343657493591309,0.9444444179534912,0.9136298298835754,2.9981935024261475,18.0,18.0,12.0,0.10355524718761444,0.2739492952823639,1.0,1.0,1.0,8.0,8.0,7.0,0.04470561444759369,0.04410756006836891,0.9894737005233765,0.9398888349533081,1.013222336769104,95.0,95.0,16.0,0.04015247896313667,0.04015246778726578,0.98828125,186717.640625,0.0,0.04329727590084076
66,47,0.011834150180220604,0.01625239849090576,1.0,0.9390848875045776,0.9982792139053345,380.0,380.0,16.0,0.4539549946784973,0.4436890780925751,0.8181818127632141,0.7846418619155884,0.9093358516693115,22.0,22.0,16.0,1.1237215995788574,0.41789284348487854,0.5,0.5,0.5,4.0,4.0,3.0,0.0908685252070427,0.07001731544733047,0.9528303146362305,1.012657642364502,2.4952852725982666,106.0,106.0,16.0,0.05588074028491974,0.05588073655962944,0.978515625,186717.703125,0.0,0.06128700077533722
67,63,0.0066304863430559635,0.00727433105930686,0.9972752332687378,0.9383136034011841,1.0180416107177734,367.0,367.0,16.0,0.15130867063999176,0.2601049840450287,0.9130435585975647,0.936636209487915,2.6344237327575684,23.0,23.0,12.0,2.295761823654175,0.9792413115501404,0.25,0.25,0.25,4.0,4.0,2.0,0.1806379109621048,0.13908155262470245,0.9067797064781189,1.0009866952896118,2.1374351978302,118.0,118.0,16.0,0.07111682742834091,0.07111681252717972,0.966796875,186717.75,0.0,0.07524851709604263
68,79,0.01979883387684822,0.015489771030843258,0.9946950078010559,0.9490733742713928,0.9995554089546204,377.0,377.0,16.0,0.5060408115386963,0.3513348698616028,0.7272727489471436,0.6626726388931274,0.7125846147537231,22.0,22.0,11.0,0.4566536545753479,0.8065862059593201,0.8571429252624512,0.8802340030670166,10.18620491027832,7.0,7.0,5.0,0.11575637757778168,0.10873934626579285,0.9528301358222961,1.0957475900650024,3.0603737831115723,106.0,106.0,15.0,0.06653088331222534,0.06653088331222534,0.9726563096046448,186717.796875,0.0,0.07269199192523956
69,95,0.007309634238481522,0.008292307145893574,1.0,0.9432351589202881,1.0375211238861084,362.0,362.0,16.0,0.3245282769203186,0.46796226501464844,0.8235294222831726,0.7330511808395386,2.1927828788757324,17.0,17.0,11.0,0.2299603372812271,0.6209075450897217,0.75,0.75,0.75,4.0,4.0,4.0,0.11161048710346222,0.14726710319519043,0.9457364678382874,1.0216693878173828,2.2250802516937256,129.0,129.0,16.0,0.045860666781663895,0.04586067050695419,0.978515625,186717.859375,0.0,0.05355166643857956
70,111,0.021508604288101196,0.022794313728809357,0.9947229623794556,0.9356789588928223,1.098564624786377,379.0,379.0,16.0,0.5054886341094971,0.416398823261261,0.9230769872665405,0.9230769872665405,0.9230769872665405,13.0,13.0,11.0,0.8536755442619324,0.6416440606117249,0.8333333730697632,0.8333333730697632,0.8333333730697632,6.0,6.0,6.0,0.10566959530115128,0.1285725235939026,0.9649122953414917,1.001347303390503,2.108177423477173,114.0,114.0,16.0,0.062288086861371994,0.06228809058666229,0.984375,186717.90625,0.0,0.06855059415102005
71,127,0.01923833042383194,0.016380786895751953,0.9972678422927856,0.9404997825622559,1.0740121603012085,366.0,366.0,16.0,0.07501331716775894,0.1622714102268219,1.0,1.1317325830459595,7.469489097595215,19.0,19.0,12.0,0.08190007507801056,0.4836263954639435,1.0,1.0,1.0,4.0,4.0,3.0,0.09109096229076385,0.0668904110789299,0.9593496322631836,0.9084237217903137,0.9957211017608643,123.0,123.0,16.0,0.039059121161699295,0.039059121161699295,0.9882813096046448,186717.9375,0.0,0.039693787693977356
72,143,0.00981553178280592,0.01003088615834713,1.0,0.9422450661659241,1.0396144390106201,369.0,369.0,16.0,0.21395434439182281,0.22710415720939636,0.8400000333786011,0.8138939142227173,1.0883641242980957,25.0,25.0,14.0,0.5524357557296753,0.5019893050193787,0.7272727489471436,0.7272727489471436,0.7272727489471436,11.0,11.0,8.0,0.1436198502779007,0.18151837587356567,0.9345794320106506,1.0079314708709717,2.0501646995544434,107.0,107.0,16.0,0.059404127299785614,0.05940411612391472,0.97265625,186717.984375,0.0,0.06547675281763077
73,15,0.024593012407422066,0.019526949152350426,0.9920949339866638,0.9482429027557373,1.054677963256836,506.0,506.0,22.0,0.3198193609714508,0.26878321170806885,0.9333332777023315,0.9034764170646667,0.9461077451705933,30.0,30.0,18.0,1.106874942779541,0.7769088745117188,0.6923077702522278,0.7795267105102539,4.621704578399658,13.0,13.0,9.0,0.16539402306079865,0.1255732923746109,0.9466667175292969,0.9158145785331726,0.9364444017410278,150.0,150.0,22.0,0.08704577386379242,0.0876067578792572,0.974249005317688,186718.046875,0.0,0.0933716744184494
74,31,0.03063463233411312,0.02490627020597458,0.9920845031738281,0.9511790871620178,1.4464969635009766,379.0,379.0,16.0,0.3083350360393524,0.29654765129089355,0.8400000333786011,0.8400000333786011,0.8400000333786011,25.0,25.0,12.0,4.33942985534668,1.1331610679626465,0.0,0.0,0.0,1.0,1.0,1.0,0.08462593704462051,0.15740197896957397,0.971962571144104,0.9316684007644653,1.0446968078613281,107.0,107.0,16.0,0.06389317661523819,0.06389317661523819,0.9785156846046448,186718.109375,0.0,0.06949207931756973
75,47,0.013312069699168205,0.013639653101563454,1.0,0.9465068578720093,1.0193804502487183,365.0,365.0,16.0,0.10849861800670624,0.16050511598587036,0.9523810148239136,1.2812339067459106,8.572052955627441,21.0,21.0,12.0,0.47993794083595276,0.8792299032211304,0.8333333730697632,0.8333333730697632,0.8333333730697632,6.0,6.0,5.0,0.08893289417028427,0.11351239681243896,0.9666666388511658,0.9125666618347168,1.597724437713623,120.0,120.0,16.0,0.04040811210870743,0.04040810838341713,0.98828125,186718.171875,0.0,0.04244246706366539
76,63,0.015910357236862183,0.01702672615647316,0.9973190426826477,0.9659525156021118,1.3890793323516846,373.0,373.0,16.0,0.06833649426698685,0.09745845943689346,1.0,0.9446812868118286,0.9531926512718201,18.0,18.0,12.0,0.0503389909863472,0.6536263823509216,1.0,0.8538933396339417,7.239025115966797,3.0,3.0,3.0,0.09695134311914444,0.11430075019598007,0.9576271176338196,1.0764851570129395,2.6708531379699707,118.0,118.0,16.0,0.03663260489702225,0.036632608622312546,0.98828125,186718.234375,0.0,0.03731366991996765
77,79,0.03153803199529648,0.028251616284251213,0.9890410900115967,0.9384593367576599,1.2750507593154907,365.0,365.0,16.0,0.10707579553127289,0.10902634263038635,0.9285714626312256,0.9285714626312256,0.9285714626312256,14.0,14.0,11.0,1.8187175989151,1.0946173667907715,0.20000000298023224,0.20000000298023224,0.20000000298023224,5.0,5.0,5.0,0.06214653328061104,0.06492215394973755,0.96875,0.9224296808242798,1.0953670740127563,128.0,128.0,16.0,0.0587085597217083,0.058708567172288895,0.974609375,186718.296875,0.0,0.06554751843214035
78,95,0.03268531337380409,0.032613568007946014,0.9918699264526367,0.9869193434715271,1.1827430725097656,369.0,369.0,16.0,0.2979070246219635,0.1867160201072693,0.8750000596046448,0.9278069734573364,5.028186321258545,24.0,24.0,14.0,0.11838212609291077,0.6639575958251953,0.9000000357627869,0.9000000357627869,0.9000000357627869,10.0,10.0,6.0,0.05244488641619682,0.053625598549842834,0.9908257126808167,0.9408977031707764,1.2196952104568481,109.0,109.0,16.0,0.05099797248840332,0.05099797248840332,0.984375,186718.34375,0.0,0.05303781479597092
79,111,0.02641991898417473,0.029151730239391327,0.9922879338264465,0.9471420049667358,1.0734033584594727,389.0,389.0,16.0,0.22793138027191162,0.27721673250198364,0.8500000238418579,1.0341180562973022,9.434117317199707,20.0,20.0,11.0,0.30140262842178345,0.5404138565063477,1.0,1.0,1.0,4.0,4.0,4.0,0.06892123818397522,0.06539890915155411,0.9898989200592041,0.9613786935806274,1.8867871761322021,99.0,99.0,16.0,0.04465779289603233,0.044657789170742035,0.986328125,186718.390625,0.0,0.05030190199613571
80,127,0.028904471546411514,0.022031145170331,0.9866666793823242,0.9276712536811829,0.9602339267730713,375.0,375.0,16.0,0.0254127848893404,0.1298387050628662,1.0,0.929229736328125,0.9548170566558838,14.0,14.0,8.0,3.3458385467529297,1.7644391059875488,0.3333333432674408,0.3333333432674408,0.3333333432674408,6.0,6.0,6.0,0.09685016423463821,0.0843358263373375,0.9743590354919434,0.9258086681365967,1.2943636178970337,117.0,117.0,16.0,0.08320597559213638,0.08320596814155579,0.9765625,186718.421875,0.0,0.09428131580352783
81,143,0.014769338071346283,0.016577810049057007,0.9946808218955994,0.9446688890457153,1.149953842163086,376.0,376.0,16.0,0.28177255392074585,0.21933335065841675,0.8571428656578064,0.7856926918029785,1.042868733406067,21.0,21.0,10.0,0.6514008045196533,1.2716219425201416,0.6666666865348816,0.6666666865348816,0.6666666865348816,6.0,6.0,5.0,0.11756595224142075,0.12214307487010956,0.9357798099517822,0.9128788709640503,1.002373218536377,109.0,109.0,16.0,0.05506559833884239,0.05506560206413269,0.97265625,186718.515625,0.0,0.059345606714487076
82,15,0.015752652660012245,0.015994440764188766,0.9941061735153198,0.9533296227455139,1.0346242189407349,509.0,509.0,22.0,0.03395788371562958,0.07938055694103241,1.0,0.9612452387809753,1.0061745643615723,25.0,25.0,15.0,0.31874459981918335,0.7931382060050964,0.8888888955116272,0.8888888955116272,0.8888888955116272,9.0,9.0,7.0,0.0978764221072197,0.07484883069992065,0.9551281929016113,0.9107106924057007,1.0508651733398438,156.0,156.0,22.0,0.038523413240909576,0.03863300383090973,0.9842633008956909,186718.53125,0.0,0.04049847275018692
83,31,0.028577936813235283,0.02625398337841034,0.9865591526031494,0.9283919334411621,1.0018560886383057,372.0,372.0,16.0,0.9167097806930542,0.8905944228172302,0.7142858505249023,1.5591362714767456,1.9907617568969727,21.0,21.0,13.0,0.6742063760757446,0.6570291519165039,0.875,0.7676808834075928,0.8216104507446289,8.0,8.0,8.0,0.047940198332071304,0.05249187350273132,0.9639638662338257,0.9053220152854919,0.9903784990310669,111.0,111.0,16.0,0.07929085195064545,0.07929083704948425,0.96875,186718.59375,0.0,0.09175563603639603
84,47,0.011284167878329754,0.015074762515723705,0.9973117709159851,0.9412543177604675,1.0598840713500977,372.0,372.0,16.0,0.1479918509721756,0.4112666845321655,0.9375,0.8290688991546631,1.105278491973877,16.0,16.0,9.0,0.4144080877304077,0.5663071870803833,0.800000011920929,0.800000011920929,0.800000011920929,10.0,10.0,7.0,0.04693371802568436,0.05561085790395737,0.9824561476707458,0.9505174160003662,1.697998046875,114.0,114.0,16.0,0.03136739134788513,0.03136739134788513,0.9882811903953552,186718.625,0.0,0.03556349128484726
85,63,0.02583540417253971,0.023551378399133682,0.9895287156105042,0.9385635256767273,1.288703441619873,382.0,382.0,16.0,0.09311924129724503,0.1749490648508072,0.944444477558136,0.944444477558136,0.944444477558136,18.0,18.0,11.0,0.030159924179315567,0.38317951560020447,1.0,1.0,1.0,5.0,5.0,4.0,0.01820562221109867,0.027198471128940582,0.9906542301177979,0.9698596000671387,1.3644671440124512,107.0,107.0,16.0,0.02664858289062977,0.02664857730269432,0.9882811903953552,186718.71875,0.0,0.026942700147628784
86,79,0.007556721568107605,0.011068278923630714,1.0,0.9601383209228516,1.2740839719772339,368.0,368.0,16.0,0.06791848689317703,0.10904878377914429,0.95652174949646,0.8355420827865601,0.9619484543800354,23.0,23.0,12.0,0.009518596343696117,0.34581342339515686,1.0,1.0,1.0,1.0,1.0,1.0,0.08663955330848694,0.07237361371517181,0.949999988079071,0.9508433938026428,1.674576997756958,120.0,120.0,16.0,0.028807157650589943,0.028807155787944794,0.986328125,186718.796875,0.0,0.02989239990711212
87,95,0.00893699936568737,0.008244937285780907,0.997183084487915,0.9475277066230774,1.0603805780410767,355.0,355.0,16.0,0.16887329518795013,0.12221680581569672,0.9047619104385376,0.7957973480224609,1.336587905883789,21.0,21.0,12.0,0.09633477032184601,0.2975957989692688,1.0,1.0,1.0,2.0,2.0,2.0,0.16453196108341217,0.16237370669841766,0.9253731369972229,0.985662043094635,1.6370697021484375,134.0,134.0,16.0,0.05656041204929352,0.05656040459871292,0.974609375,186718.828125,0.0,0.05778272822499275
88,111,0.008495347574353218,0.008402170613408089,0.9973474740982056,0.938134491443634,0.9783712029457092,377.0,377.0,16.0,0.14169779419898987,0.15465281903743744,0.9199999570846558,1.203551173210144,2.714674949645996,25.0,25.0,11.0,0.5480170249938965,0.4276706874370575,0.875,0.7731121778488159,1.0424185991287231,8.0,8.0,7.0,0.09637924283742905,0.09760954231023788,0.9607842564582825,0.9374557137489319,1.2385071516036987,102.0,102.0,16.0,0.04093752056360245,0.04093752056360245,0.984375,186718.890625,0.0,0.04334661737084389
89,127,0.023411132395267487,0.028431620448827744,0.9946380257606506,0.9881207942962646,1.348202109336853,373.0,373.0,16.0,0.5958107113838196,0.3605117201805115,0.7333333492279053,0.7333333492279053,0.7333333492279053,15.0,15.0,9.0,0.6776049137115479,0.5502434372901917,0.8571428656578064,0.7365661263465881,0.7986123561859131,7.0,7.0,7.0,0.05721249803900719,0.054966315627098083,0.9829061031341553,0.9458557367324829,1.3318755626678467,117.0,117.0,16.0,0.05684884265065193,0.05684884637594223,0.982421875,186718.96875,0.0,0.06192503124475479
90,143,0.039640285074710846,0.04147574305534363,0.9871135354042053,0.9625622630119324,1.3772605657577515,388.0,388.0,16.0,0.1648702472448349,0.2639296352863312,0.9523809552192688,0.9392673969268799,2.0794174671173096,21.0,21.0,11.0,0.0002810249279718846,0.4457530677318573,1.0,1.0,1.0,2.0,2.0,2.0,0.028530782088637352,0.035218529403209686,0.9900990128517151,1.0029804706573486,2.4238204956054688,101.0,101.0,16.0,0.04243139922618866,0.04243139922618866,0.9863282442092896,186719.0625,0.0,0.043671462684869766
91,15,0.016645114868879318,0.018949519842863083,0.9903101325035095,0.957269012928009,1.1919028759002686,516.0,516.0,22.0,0.3287775218486786,0.4139004349708557,0.8181818723678589,0.8181818723678589,0.8181818723678589,22.0,22.0,13.0,0.4040372371673584,0.615426242351532,0.8571428656578064,0.8597279191017151,2.782721519470215,14.0,14.0,9.0,0.10083592683076859,0.08798474818468094,0.9727891683578491,0.9541828632354736,0.9850515127182007,147.0,147.0,22.0,0.05188647657632828,0.05193331465125084,0.97854083776474,186719.109375,0.0,0.0557665079832077
92,31,0.01592198945581913,0.013714957982301712,0.9918033480644226,0.9299090504646301,0.9996088147163391,366.0,366.0,16.0,0.179939404129982,0.3196345567703247,0.9411765336990356,0.9411765336990356,0.9411765336990356,17.0,17.0,8.0,0.8885903358459473,0.677795946598053,0.7777777910232544,0.7777777910232544,0.7777777910232544,9.0,9.0,6.0,0.05191808193922043,0.07858310639858246,0.9833333492279053,0.939803957939148,1.3444840908050537,120.0,120.0,16.0,0.04514434188604355,0.04514433816075325,0.9843750596046448,186719.140625,0.0,0.04927506297826767
93,47,0.008834459818899632,0.009558168239891529,0.9972066879272461,0.9333221912384033,0.9393103122711182,358.0,358.0,16.0,0.11068682372570038,0.15578103065490723,0.9230769276618958,0.8887806534767151,0.9346399903297424,26.0,26.0,13.0,0.7448477149009705,0.8283811211585999,0.800000011920929,0.800000011920929,0.800000011920929,5.0,5.0,3.0,0.12522026896476746,0.1192050576210022,0.9593495726585388,0.9624472856521606,2.4971981048583984,123.0,123.0,16.0,0.04915415868163109,0.04915415495634079,0.982421875,186719.21875,0.0,0.053489476442337036
94,63,0.008862124755978584,0.0091932974755764,0.994623601436615,0.9372549653053284,0.9637018442153931,372.0,372.0,16.0,0.1488819569349289,0.1713452786207199,0.916666567325592,1.1516214609146118,3.0590977668762207,24.0,24.0,13.0,0.6419932246208191,0.8119785189628601,0.8333333134651184,3.2521493434906006,2.7536394596099854,6.0,6.0,6.0,0.08413449674844742,0.08608005195856094,0.972727358341217,0.9227486848831177,0.9982740879058838,110.0,110.0,16.0,0.039016857743263245,0.039016857743263245,0.9843749403953552,186719.28125,0.0,0.0412699356675148
95,79,0.02498849295079708,0.026944924145936966,0.9921051859855652,0.9372201561927795,1.1154803037643433,380.0,380.0,16.0,0.22209154069423676,0.27590662240982056,0.9333332777023315,0.8252143859863281,1.3399336338043213,15.0,15.0,12.0,0.05978245288133621,0.5534567832946777,1.0,1.0,1.0,4.0,4.0,4.0,0.05245061218738556,0.046983640640974045,0.9823008179664612,0.9314964413642883,0.9634361863136292,113.0,113.0,16.0,0.037095807492733,0.037095800042152405,0.9882811903953552,186719.390625,0.0,0.03930402174592018
96,95,0.03577835112810135,0.030532164499163628,0.9836065173149109,0.9207696914672852,1.0360029935836792,366.0,366.0,16.0,0.13373561203479767,0.1883324384689331,0.949999988079071,0.9039597511291504,0.9608988165855408,20.0,20.0,11.0,0.47027549147605896,0.4994196593761444,0.8333333730697632,0.7692552804946899,0.9660304188728333,12.0,12.0,9.0,0.08116985857486725,0.06873618066310883,0.9561403393745422,0.9653366804122925,1.5993369817733765,114.0,114.0,16.0,0.059895023703575134,0.05989503487944603,0.97265625,186719.4375,0.0,0.0625799149274826
97,111,0.021723998710513115,0.0191358495503664,0.9894180297851562,0.9343578815460205,1.053725242614746,378.0,378.0,16.0,0.18816334009170532,0.20986655354499817,0.961538553237915,0.9193632006645203,3.5757648944854736,26.0,26.0,14.0,0.03826941177248955,0.3775410056114197,1.0,1.0,1.0,4.0,4.0,3.0,0.053795360028743744,0.05600842088460922,0.9807692766189575,0.9344620704650879,0.9594494700431824,104.0,104.0,16.0,0.03681975230574608,0.03681975603103638,0.986328125,186719.5,0.0,0.03946952521800995
98,127,0.006186921149492264,0.009393170475959778,1.0,0.9379191398620605,1.0072002410888672,384.0,384.0,16.0,0.27486535906791687,0.3278927803039551,0.9333333373069763,0.8711368441581726,0.8721370100975037,15.0,15.0,11.0,0.09433498233556747,0.32285067439079285,1.0,1.0,1.0,2.0,2.0,2.0,0.13214917480945587,0.12407968938350677,0.9279279112815857,0.9298466444015503,2.1131765842437744,111.0,111.0,16.0,0.04171091318130493,0.04171090945601463,0.982421875,186719.5625,0.0,0.043706875294446945
99,143,0.011406040750443935,0.014831038191914558,0.9973683953285217,0.9298928380012512,0.9507893323898315,380.0,380.0,16.0,0.06836296617984772,0.12144836783409119,0.9333333373069763,0.8750937581062317,0.9957531690597534,15.0,15.0,12.0,0.024029653519392014,0.2010512501001358,1.0,1.0,1.0,5.0,5.0,5.0,0.18511874973773956,0.17091435194015503,0.9196429252624512,0.9602324962615967,1.5807775259017944,112.0,112.0,16.0,0.051197633147239685,0.05119762942194939,0.978515625,186719.640625,0.0,0.051934413611888885
100,15,0.018957778811454773,0.01730288378894329,0.9960474371910095,0.9642607569694519,1.133008360862732,506.0,506.0,22.0,0.26939108967781067,0.18601351976394653,0.8823529481887817,0.8355029225349426,1.0009636878967285,34.0,34.0,17.0,1.1704232692718506,0.7244760990142822,0.6666666865348816,2.7919304370880127,7.7348480224609375,6.0,6.0,5.0,0.0675220713019371,0.06686807423830032,0.960784375667572,0.9556835293769836,1.9888575077056885,153.0,153.0,22.0,0.05168372765183449,0.05165286362171173,0.9799714088439941,186719.765625,0.0,0.05523607134819031
